{
    "1": {
        "idproduto": "1",
        "nome": "Sem nome ainda...",
        "desc": "Sem descrição ainda...",
        "preco": "1",
        "categoria": "vazio",
        "subcategoria": "vazio",
        "subcategoria2": "vazio",
        "cupomperm": "sim",
        "conta": []
    },
    "4": {
        "idproduto": "4",
        "nome": "teste video",
        "desc": "tt",
        "preco": "0.01",
        "categoria": "vazio",
        "subcategoria": "vazio",
        "subcategoria2": "vazio",
        "cupomperm": "sim",
        "conta": [
            "S",
            "S",
            "S",
            "S"
        ]
    },
    "kk": {
        "idproduto": "kk",
        "nome": "teste",
        "desc": "kkkkkk teste",
        "preco": "1",
        "categoria": "vazio",
        "subcategoria": "vazio",
        "subcategoria2": "vazio",
        "cupomperm": "sim",
        "conta": [
            "ssssssssss",
            "ssssssssss",
            "ssssssssss",
            "ssssssssss",
            "ssssssssss",
            "ssssssssss",
            "ssssssssss",
            "ssssssssss",
            "ssssssssss",
            "ssssssssss",
            "ssssssssss",
            "ssssssssss"
        ]
    }
}